{
  "timestamp": "2026-05-01T13:19:54.198439",
  "total_trials": 120,
  "scenarios": {
    "simple_dialogue": {
      "trials": 30,
      "ttft_ms": {
        "mean": 16344.100189208984,
        "median": 16696.863055229187,
        "min": 6263.484477996826,
        "max": 17828.866243362427,
        "p90": 17325.95512866974,
        "p99": 17733.059511184692
      },
      "first_event_ms": {
        "mean": 3.4879604975382485,
        "median": 3.2105445861816406,
        "p90": 4.211664199829103
      },
      "first_status_ms": {
        "mean": 12.258617083231607,
        "median": 11.93702220916748,
        "p90": 15.856289863586426
      },
      "inter_token_latency_ms": {
        "mean": 104.94786241780157,
        "median": 103.50143909454346,
        "p90": 116.28537178039551
      },
      "end_to_end_ms": {
        "mean": 18094.059292475384,
        "median": 18272.140622138977,
        "p90": 19364.552807807922,
        "p99": 20025.159969329834
      },
      "tokens": {
        "mean": 14.8,
        "median": 17.0,
        "min": 10,
        "max": 18
      }
    },
    "rag_only": {
      "trials": 30,
      "ttft_ms": {
        "mean": 14086.78294022878,
        "median": 10425.12845993042,
        "min": 8931.36978149414,
        "max": 44542.60587692261,
        "p90": 34547.50096797944,
        "p99": 42831.11757278443
      },
      "first_event_ms": {
        "mean": 3.0405282974243164,
        "median": 3.136157989501953,
        "p90": 3.327584266662598
      },
      "first_status_ms": {
        "mean": 11.30967934926351,
        "median": 11.484622955322266,
        "p90": 12.744474411010742
      },
      "inter_token_latency_ms": {
        "mean": 114.96110818226104,
        "median": 113.13056945800781,
        "p90": 123.44260215759277
      },
      "end_to_end_ms": {
        "mean": 19172.409693400066,
        "median": 15206.068634986877,
        "p90": 38409.22384262086,
        "p99": 48823.06317567826
      },
      "tokens": {
        "mean": 42.233333333333334,
        "median": 40.0,
        "min": 30,
        "max": 55
      }
    },
    "tool_only": {
      "trials": 30,
      "ttft_ms": {
        "mean": 23858.225051561993,
        "median": 23011.63637638092,
        "min": 8704.561233520508,
        "max": 32985.16273498535,
        "p90": 31968.740105628967,
        "p99": 32729.38613176346
      },
      "first_event_ms": {
        "mean": 3.2595237096150718,
        "median": 3.251314163208008,
        "p90": 3.93068790435791
      },
      "first_status_ms": {
        "mean": 12.02260653177897,
        "median": 11.981010437011719,
        "p90": 13.279676437377933
      },
      "inter_token_latency_ms": {
        "mean": 107.94095888242617,
        "median": 107.91194438934326,
        "p90": 116.93110466003418
      },
      "end_to_end_ms": {
        "mean": 27464.903378486633,
        "median": 25346.43578529358,
        "p90": 37567.0423746109,
        "p99": 37804.595227241516
      },
      "tokens": {
        "mean": 31.333333333333332,
        "median": 30.0,
        "min": 19,
        "max": 50
      }
    },
    "mixed": {
      "trials": 30,
      "ttft_ms": {
        "mean": 27292.763527234394,
        "median": 24356.470704078674,
        "min": 9030.662775039673,
        "max": 42855.93485832214,
        "p90": 41869.5659160614,
        "p99": 42646.85987472534
      },
      "first_event_ms": {
        "mean": 3.0995448430379233,
        "median": 3.1343698501586914,
        "p90": 3.3974170684814453
      },
      "first_status_ms": {
        "mean": 11.72021230061849,
        "median": 11.701822280883789,
        "p90": 13.504171371459961
      },
      "inter_token_latency_ms": {
        "mean": 109.44231669443047,
        "median": 109.95197296142578,
        "p90": 119.31591033935547
      },
      "end_to_end_ms": {
        "mean": 31087.10884253184,
        "median": 26709.74040031433,
        "p90": 46841.33713245392,
        "p99": 47596.03951931
      },
      "tokens": {
        "mean": 32.63333333333333,
        "median": 32.0,
        "min": 21,
        "max": 47
      }
    }
  }
}