{
  "retrieval_metrics": {
    "total_queries": 30,
    "precision_at_k": {
      "@1": 1.0,
      "@3": 0.9555555555555555,
      "@5": 0.9333333333333333,
      "@10": 0.919047619047619
    },
    "recall_at_k": {
      "@1": 0.1936518505287855,
      "@3": 0.3576222182530232,
      "@5": 0.462703697088372,
      "@10": 0.6981851719545219
    },
    "mean_precision": {
      "@1": 1.0,
      "@3": 0.9555555555555555,
      "@5": 0.9333333333333333,
      "@10": 0.919047619047619
    },
    "mean_recall": {
      "@1": 0.1936518505287855,
      "@3": 0.3576222182530232,
      "@5": 0.462703697088372,
      "@10": 0.6981851719545219
    },
    "provider_breakdown": {
      "ptcl": {
        "query_count": 9,
        "mean_precision_at_3": 0.9629629629629629
      },
      "nayatel": {
        "query_count": 11,
        "mean_precision_at_3": 1.0
      },
      "tp-link": {
        "query_count": 7,
        "mean_precision_at_3": 0.9285714285714286
      },
      "general": {
        "query_count": 3,
        "mean_precision_at_3": 0.8333333333333334
      }
    }
  },
  "ragas_metrics": {
    "error": "RAGAS not installed"
  }
}